fund_name,vintage_year,pension_fund,commitment_mm,net_irr,net_multiple,as_of_date
ACON Equity Partners 3.5,2012,CalSTRS,70.00,0.0739,1.6788,2025-06-30
ACON Equity Partners 3.5,2012,NY Common,120.00,,1.4596,2024-03-31
ACON Equity Partners 3.5,2012,NY Common,120.00,,1.3132,2025-03-31
ACON Equity Partners IV,2016,CalSTRS,50.00,0.0886,1.4315,2025-06-30
ACON Equity Partners IV,2016,NY Common,200.00,,1.6661,2024-03-31
ACON Equity Partners IV,2016,NY Common,200.00,,1.5486,2025-03-31
ACON Equity Partners IV,2016,Oregon,112.50,0.0850,1.4200,2025-09-30
ASF VIII B,2020,CalPERS,300.00,0.1430,1.3897,2025-03-31
ASF VIII B,2020,CalSTRS,500.00,0.1367,1.4114,2025-06-30
Advent Global Technology,2020,CalSTRS,100.00,0.1003,1.4923,2025-06-30
Advent Global Technology,2020,Oregon,50.00,0.0890,1.4500,2025-09-30
Advent Global Technology II,2022,CalSTRS,100.00,0.1506,1.3371,2025-06-30
Advent Global Technology II,2022,Oregon,100.00,0.1420,1.3600,2025-09-30
Advent International GPE IX,2019,CalSTRS,300.00,0.1475,1.6594,2025-06-30
Advent International GPE IX,2019,Oregon,100.00,0.1360,1.6400,2025-09-30
Advent International GPE IX,2019,WSIB,600.00,0.1475,1.7000,2025-06-30
Advent International GPE VI-A,2008,CalPERS,500.00,0.1630,2.0756,2025-03-31
Advent International GPE VI-A,2008,CalSTRS,234.77,0.1529,2.0019,2025-06-30
Advent International GPE VI-A,2008,Oregon,100.00,0.1630,2.0900,2025-09-30
Advent International GPE VI-A,2008,WSIB,135.01,0.1545,2.0000,2025-06-30
Advent International GPE VII-C,2012,CalPERS,450.00,0.1320,1.8047,2025-03-31
Advent International GPE VII-C,2012,Oregon,50.00,0.1320,1.8100,2025-09-30
Advent International GPE VII-C,2012,WSIB,400.00,0.1315,1.8000,2025-06-30
Advent International GPE VIII-D,2016,CalSTRS,150.00,0.1576,2.0921,2025-06-30
Advent International GPE VIII-D,2016,WSIB,500.00,0.1576,2.1000,2025-06-30
Advent International GPE X,2022,CalSTRS,300.00,0.1869,1.3444,2025-06-30
Advent International GPE X,2022,Oregon,200.00,0.1890,1.3900,2025-09-30
Advent International GPE X Limited Partnership,2022,CalPERS,650.00,0.1321,1.2004,2025-03-31
Advent International GPE X Limited Partnership,2022,WSIB,600.00,0.1869,1.3000,2025-06-30
Advent Latin American Private Equity Fund VI-H,2015,Oregon,75.00,0.1220,1.7800,2025-09-30
Advent Latin American Private Equity Fund VI-H,2015,WSIB,160.00,0.1322,1.9000,2025-06-30
Affinity Asia Pacific Fund III,2007,CalSTRS,150.00,0.0896,1.4412,2025-06-30
Affinity Asia Pacific Fund III,2007,WSIB,100.00,0.0899,1.4000,2025-06-30
Affinity Asia Pacific Fund IV,2013,NY Common,150.00,,1.7927,2024-03-31
Affinity Asia Pacific Fund IV,2013,NY Common,150.00,,1.7507,2025-03-31
Affinity Asia Pacific Fund IV,2013,WSIB,300.00,0.1428,1.7000,2025-06-30
Affinity Asia Pacific Fund V (NO.2),2018,CalSTRS,200.00,0.0671,1.1876,2025-06-30
Affinity Asia Pacific Fund V (NO.2),2018,WSIB,350.00,0.0699,1.2000,2025-06-30
Apax Europe VII,2007,CalSTRS,446.06,0.0435,1.2706,2025-06-30
Apax Europe VII,2007,Oregon,199.50,0.0420,1.2400,2025-09-30
Apax Europe VII,2007,WSIB,159.37,0.0423,1.2000,2025-06-30
Apax IX USD,2017,CalSTRS,300.00,0.1783,1.9091,2025-06-30
Apax IX USD,2017,WSIB,250.00,0.1783,1.9000,2025-06-30
Apollo Investment Fund IV,1998,CalPERS,150.00,0.0850,1.6506,2025-03-31
Apollo Investment Fund IV,1998,NY Common,200.00,,1.6527,2024-03-31
Apollo Investment Fund IV,1998,NY Common,200.00,,1.6525,2025-03-31
Apollo Investment Fund IX,2019,CalPERS,550.00,0.1720,1.5578,2025-03-31
Apollo Investment Fund IX,2019,CalSTRS,300.00,0.1541,1.5097,2025-06-30
Apollo Investment Fund IX,2019,NY Common,480.00,,1.5246,2024-03-31
Apollo Investment Fund IX,2019,NY Common,480.00,,1.5479,2025-03-31
Apollo Investment Fund VI,2006,CalPERS,520.00,0.0820,1.4166,2025-03-31
Apollo Investment Fund VI,2006,CalSTRS,250.00,0.0857,1.6846,2025-06-30
Apollo Investment Fund VI,2006,NY Common,350.00,,1.4785,2024-03-31
Apollo Investment Fund VI,2006,NY Common,350.00,,1.4785,2025-03-31
Apollo Investment Fund VI,2006,Oregon,200.00,0.0860,1.5100,2025-09-30
Apollo Investment Fund VII,2008,CalSTRS,350.00,0.2253,2.0591,2025-06-30
Apollo Investment Fund VII,2008,NY Common,350.00,,1.6694,2024-03-31
Apollo Investment Fund VII,2008,Oregon,400.00,0.2250,1.7500,2025-09-30
Apollo Investment Fund VIII,2013,CalPERS,350.00,0.0880,1.4284,2025-03-31
Apollo Investment Fund VIII,2013,NY Common,400.00,,1.4529,2024-03-31
Apollo Investment Fund VIII,2013,NY Common,400.00,,1.4231,2025-03-31
Apollo Investment Fund VIII,2013,Oregon,400.00,0.1090,1.5100,2025-09-30
Apollo Investment Fund X,2023,CalPERS,225.00,,1.1627,2025-03-31
Apollo Investment Fund X,2023,CalSTRS,300.00,0.1914,1.1898,2025-06-30
Apollo Investment Fund X,2023,NY Common,350.00,,1.0567,2024-03-31
Apollo Investment Fund X,2023,NY Common,350.00,,1.1694,2025-03-31
Ares Corporate Opportunities Fund III,2008,CalPERS,400.00,0.2020,2.0711,2025-03-31
Ares Corporate Opportunities Fund III,2008,NY Common,100.00,,2.0869,2024-03-31
Ares Corporate Opportunities Fund III,2008,NY Common,100.00,,2.0892,2025-03-31
Ares Corporate Opportunities Fund IV,2012,CalSTRS,150.00,0.1396,1.9818,2025-06-30
Ares Corporate Opportunities Fund IV,2012,NY Common,150.00,,1.8001,2024-03-31
Ares Corporate Opportunities Fund IV,2012,NY Common,150.00,,1.8122,2025-03-31
Ares Corporate Opportunities Fund V,2017,CalPERS,425.00,0.0570,1.2681,2025-03-31
Ares Corporate Opportunities Fund V,2017,CalSTRS,300.00,0.0597,1.2988,2025-06-30
Ares Corporate Opportunities Fund V,2017,NY Common,300.00,,1.3554,2024-03-31
Ares Corporate Opportunities Fund V,2017,NY Common,300.00,,1.2694,2025-03-31
Ares Corporate Opportunities Fund VI,2021,CalPERS,250.00,0.1621,1.3866,2025-03-31
Ares Corporate Opportunities Fund VI,2021,NY Common,200.00,,1.2518,2024-03-31
Ares Corporate Opportunities Fund VI,2021,NY Common,200.00,,1.3866,2025-03-31
Arsenal Capital Partners Growth,2022,CalPERS,50.00,-0.2271,0.6716,2025-03-31
Arsenal Capital Partners Growth,2022,CalSTRS,50.00,-0.2197,0.6401,2025-06-30
Arsenal Capital Partners Growth,2022,Oregon,50.00,-0.2060,0.7300,2025-09-30
Arsenal Capital Partners VI,2022,CalPERS,150.00,-0.1571,0.7804,2025-03-31
Arsenal Capital Partners VI,2022,CalSTRS,200.00,-0.0972,0.8378,2025-06-30
Arsenal Capital Partners VI,2022,Oregon,150.00,-0.0360,0.9500,2025-09-30
Asia Alternatives Capital Partners II,2008,CalPERS,48.93,0.1670,2.5118,2025-03-31
Asia Alternatives Capital Partners II,2008,NY Common,50.00,,2.5423,2024-03-31
Asia Alternatives Capital Partners II,2008,NY Common,50.00,,2.5112,2025-03-31
Asia Opportunity Fund II,2005,Oregon,100.00,0.0730,1.4200,2025-09-30
Asia Opportunity Fund II,2005,WSIB,100.00,0.0736,1.4000,2025-06-30
BC European Capital IX,2011,CalSTRS,247.68,0.1009,1.6549,2025-06-30
BC European Capital IX,2011,WSIB,226.71,0.1033,1.6000,2025-06-30
BC European Capital VIII,2005,CalSTRS,528.23,0.0450,1.2378,2025-06-30
BC European Capital VIII,2005,WSIB,304.76,0.0446,1.2000,2025-06-30
BVP Forge Institutional,2023,CalPERS,35.00,,1.1748,2025-03-31
BVP Forge Institutional,2023,CalSTRS,20.00,0.1722,1.2924,2025-06-30
Bain Capital Asia Fund V,2023,CalPERS,300.00,,1.2306,2025-03-31
Bain Capital Asia Fund V,2023,CalSTRS,150.00,0.3636,1.3250,2025-06-30
"Bain Capital Europe Fund VI, SCSp",2023,CalPERS,161.80,,1.1212,2025-03-31
"Bain Capital Europe Fund VI, SCSp",2023,CalSTRS,58.69,0.2407,1.2402,2025-06-30
Blackstone Capital Partners Asia II,2022,CalSTRS,250.00,0.3995,1.7540,2025-06-30
Blackstone Capital Partners Asia II,2022,WSIB,250.00,0.3995,1.8000,2025-06-30
Blackstone Capital Partners IV,2003,CalSTRS,200.00,0.3595,2.8107,2025-06-30
Blackstone Capital Partners IV,2003,NY Common,300.00,,2.4548,2024-03-31
Blackstone Capital Partners IV,2003,NY Common,300.00,,2.4548,2025-03-31
Blackstone Capital Partners V,2006,CalPERS,38.40,0.0780,1.5384,2025-03-31
Blackstone Capital Partners V,2006,CalSTRS,1600.00,0.0837,1.7087,2025-06-30
Blackstone Capital Partners V,2006,NY Common,675.00,,1.6535,2024-03-31
Blackstone Capital Partners V,2006,NY Common,675.00,,1.6540,2025-03-31
Blackstone Capital Partners V,2006,WSIB,400.00,0.0881,1.7000,2025-06-30
Blackstone Capital Partners VI,2011,CalPERS,375.00,0.1240,1.7973,2025-03-31
Blackstone Capital Partners VI,2011,CalSTRS,300.00,0.1243,1.9302,2025-06-30
Blackstone Capital Partners VI,2011,NY Common,300.00,,1.8248,2024-03-31
Blackstone Capital Partners VI,2011,NY Common,300.00,,1.8290,2025-03-31
Blackstone Capital Partners VI,2011,Oregon,200.00,0.1210,1.8100,2025-09-30
Blackstone Capital Partners VI,2011,WSIB,300.00,0.1219,1.8000,2025-06-30
Blackstone Capital Partners VII,2016,CalPERS,375.00,0.1550,1.7663,2025-03-31
Blackstone Capital Partners VII,2016,CalSTRS,450.00,0.1310,1.7322,2025-06-30
Blackstone Capital Partners VII,2016,NY Common,500.00,,1.6334,2024-03-31
Blackstone Capital Partners VII,2016,NY Common,500.00,,1.6925,2025-03-31
Blackstone Capital Partners VII,2016,Oregon,450.00,0.1280,1.7200,2025-09-30
Blackstone Capital Partners VII,2016,WSIB,450.00,0.1310,1.7000,2025-06-30
Blackstone Capital Partners VIII,2021,CalPERS,262.50,0.1351,1.2304,2025-03-31
Blackstone Capital Partners VIII,2021,CalSTRS,750.00,0.1044,1.2821,2025-06-30
Blackstone Capital Partners VIII,2021,NY Common,500.00,,1.2080,2024-03-31
Blackstone Capital Partners VIII,2021,NY Common,500.00,,1.2478,2025-03-31
Blackstone Capital Partners VIII,2021,Oregon,500.00,0.0990,1.2600,2025-09-30
Blackstone Capital Partners VIII,2021,WSIB,750.00,0.1033,1.3000,2025-06-30
Blackstone Communications Partners I,2000,CalPERS,100.00,0.0650,1.2236,2025-03-31
Blackstone Communications Partners I,2000,CalSTRS,250.00,0.0650,1.2484,2025-06-30
Blackstone Communications Partners I,2000,NY Common,50.00,,1.2080,2024-03-31
Blackstone Communications Partners I,2000,NY Common,50.00,,1.2080,2025-03-31
Blackstone Core Equity Partners II,2021,CalPERS,1000.00,0.1351,1.3465,2025-03-31
Blackstone Core Equity Partners II,2021,CalSTRS,425.00,0.1411,1.4048,2025-06-30
Blackstone Energy Partners II,2015,CalSTRS,100.00,0.0807,1.4985,2025-06-30
Blackstone Energy Partners II,2015,Oregon,200.00,0.0830,1.5200,2025-09-30
Bridgepoint Europe III 'D',2005,CalPERS,194.30,0.0240,1.2205,2025-03-31
Bridgepoint Europe III 'D',2005,NY Common,107.93,,1.2235,2024-03-31
Bridgepoint Europe III 'D',2005,NY Common,108.20,,1.2072,2025-03-31
Bridgepoint Europe III 'D',2005,WSIB,135.17,0.0238,1.2000,2025-06-30
Bridgepoint Europe IV 'D',2008,CalPERS,388.49,0.0930,1.5447,2025-03-31
Bridgepoint Europe IV 'D',2008,NY Common,107.93,,1.5603,2024-03-31
Bridgepoint Europe IV 'D',2008,NY Common,104.95,,1.5498,2025-03-31
Bridgepoint Europe IV 'D',2008,WSIB,194.51,0.0929,1.6000,2025-06-30
Bridgepoint Europe V,2016,NY Common,161.89,,1.9050,2024-03-31
Bridgepoint Europe V,2016,NY Common,162.29,,1.8721,2025-03-31
Bridgepoint Europe V,2016,WSIB,258.08,0.1609,1.9000,2025-06-30
Bridgepoint Europe VI,2019,NY Common,269.82,,1.4755,2024-03-31
Bridgepoint Europe VI,2019,NY Common,270.49,,1.5743,2025-03-31
Bridgepoint Europe VI,2019,Oregon,277.30,0.1360,1.6600,2025-09-30
Bridgepoint Europe VI,2019,WSIB,393.45,0.1509,1.7000,2025-06-30
Bridgepoint Europe VII D,2024,CalPERS,97.80,,1.0756,2025-03-31
Bridgepoint Europe VII D,2024,WSIB,196.84,0.2748,1.2000,2025-06-30
CDH Fund V,2014,CalPERS,200.00,0.0800,1.4608,2025-03-31
CDH Fund V,2014,Oregon,100.00,0.0800,1.4600,2025-09-30
CVC Capital Partners Asia Pacific III,2008,CalSTRS,200.00,0.1268,1.7140,2025-06-30
CVC Capital Partners Asia Pacific III,2008,NY Common,100.00,,1.5700,2024-03-31
CVC Capital Partners Asia Pacific III,2008,NY Common,100.00,,1.5585,2025-03-31
CVC Capital Partners Asia Pacific III,2008,Oregon,100.00,0.1270,1.5700,2025-09-30
CVC Capital Partners Asia V,2020,CalPERS,200.00,0.1280,1.3556,2025-03-31
CVC Capital Partners Asia V,2020,CalSTRS,100.00,0.1246,1.3676,2025-06-30
CVC Capital Partners Asia V,2020,Oregon,150.00,0.1260,1.4000,2025-09-30
CVC Capital Partners Asia VI (A),2024,CalPERS,300.00,,0.9779,2025-03-31
CVC Capital Partners Asia VI (A),2024,CalSTRS,125.00,0.1992,1.1851,2025-06-30
CVC Capital Partners Asia VI (A),2024,Oregon,150.00,,1.1000,2025-09-30
CVC Capital Partners IX,2023,NY Common,388.55,,,2024-03-31
CVC Capital Partners IX,2023,NY Common,389.51,,0.9979,2025-03-31
CVC Capital Partners IX,2023,Oregon,323.10,,1.2300,2025-09-30
CVC Capital Partners IX (A),2024,CalPERS,505.45,,1.0012,2025-03-31
CVC Capital Partners IX (A),2024,CalSTRS,375.63,0.1352,1.1422,2025-06-30
CVC Capital Partners Strategic Opportunities II,2020,CalSTRS,234.77,0.1988,1.5499,2025-06-30
CVC Capital Partners Strategic Opportunities II,2020,NY Common,215.86,,1.3279,2024-03-31
CVC Capital Partners Strategic Opportunities II,2020,NY Common,216.39,,1.4411,2025-03-31
CVC Capital Partners VI,2014,CalPERS,576.28,0.1550,1.9633,2025-03-31
CVC Capital Partners VI,2014,Oregon,196.50,0.1550,2.0200,2025-09-30
CVC Capital Partners VII,2017,NY Common,377.75,,1.8697,2024-03-31
CVC Capital Partners VII,2017,NY Common,378.69,,2.0100,2025-03-31
CVC Capital Partners VII,2017,Oregon,245.10,0.2030,2.1400,2025-09-30
CVC Capital Partners VII (A),2018,CalPERS,451.87,0.1980,1.9811,2025-03-31
CVC Capital Partners VII (A),2018,CalSTRS,293.46,0.2087,2.1248,2025-06-30
CVC Capital Partners VIII (A),2021,CalPERS,492.57,0.0631,1.1269,2025-03-31
CVC Capital Partners VIII (A),2021,CalSTRS,469.54,0.0979,1.2403,2025-06-30
CVC Capital Partners VIII (A),2021,NY Common,539.65,,1.1019,2024-03-31
CVC Capital Partners VIII (A),2021,NY Common,540.98,,1.1362,2025-03-31
CVC Capital Partners VIII (A),2021,Oregon,356.00,0.0980,1.2700,2025-09-30
CVC European Equity Partners III,2001,CalPERS,200.00,0.4100,2.5966,2025-03-31
CVC European Equity Partners III,2001,CalSTRS,200.00,0.4059,2.9041,2025-06-30
CVC European Equity Partners III,2001,NY Common,150.00,,2.3428,2024-03-31
CVC European Equity Partners III,2001,NY Common,150.00,,2.3447,2025-03-31
CVC European Equity Partners III,2001,Oregon,150.00,0.4100,2.5900,2025-09-30
CVC European Equity Partners IV (D),2005,CalPERS,332.21,0.1720,1.7872,2025-03-31
CVC European Equity Partners IV (D),2005,CalSTRS,352.15,0.1676,2.0080,2025-06-30
CVC European Equity Partners IV (D),2005,NY Common,134.91,,1.8178,2024-03-31
CVC European Equity Partners IV (D),2005,NY Common,135.24,,1.8177,2025-03-31
CVC European Equity Partners IV (D),2005,Oregon,145.50,0.1700,1.9200,2025-09-30
CVC European Equity Partners V (B),2008,CalPERS,573.20,0.1640,1.8327,2025-03-31
CVC European Equity Partners V (B),2008,CalSTRS,369.76,0.1647,2.2544,2025-06-30
CVC European Equity Partners V (B),2008,NY Common,161.89,,1.9210,2024-03-31
CVC European Equity Partners V (B),2008,NY Common,162.29,,1.9211,2025-03-31
CVC European Equity Partners V (B),2008,Oregon,291.20,0.1670,1.9900,2025-09-30
Carlyle Asia Partners V,2018,CalPERS,125.00,0.1680,1.3397,2025-03-31
Carlyle Asia Partners V,2018,CalSTRS,250.00,0.0801,1.2125,2025-06-30
Carlyle Europe Partners II,2003,CalPERS,46.22,0.1970,1.5999,2025-03-31
Carlyle Europe Partners II,2003,NY Common,107.93,,1.6241,2024-03-31
Carlyle Europe Partners II,2003,NY Common,108.20,,1.6258,2025-03-31
Carlyle Europe Partners III,2007,CalPERS,258.24,0.1110,1.6129,2025-03-31
Carlyle Europe Partners III,2007,CalSTRS,446.06,0.1108,1.6847,2025-06-30
"Carlyle Europe Partners V, S.C.Sp.",2019,CalPERS,173.76,0.0560,1.1283,2025-03-31
"Carlyle Europe Partners V, S.C.Sp.",2019,CalSTRS,176.08,-0.0349,0.9104,2025-06-30
Carlyle Partners V,2007,CalPERS,800.00,0.1280,1.6413,2025-03-31
Carlyle Partners V,2007,CalSTRS,500.00,0.1351,1.9507,2025-06-30
Carlyle Partners V,2007,NY Common,150.00,,1.7607,2024-03-31
Carlyle Partners V,2007,NY Common,150.00,,1.7489,2025-03-31
Carlyle Partners VI,2013,CalPERS,300.85,0.1590,1.9900,2025-03-31
Carlyle Partners VI,2013,CalSTRS,250.00,0.1336,1.8689,2025-06-30
Carlyle Partners VII,2018,CalPERS,300.00,0.1330,1.4667,2025-03-31
Carlyle Partners VII,2018,CalSTRS,500.00,0.0832,1.3933,2025-06-30
Carlyle Partners VII,2018,WSIB,600.00,0.0802,1.4000,2025-06-30
Carlyle Partners VIII,2022,CalPERS,177.21,0.1171,1.1845,2025-03-31
Carlyle Partners VIII,2022,WSIB,300.00,0.0992,1.2000,2025-06-30
Carlyle U.S. Equity Opportunities II,2015,CalPERS,200.00,0.1560,1.8523,2025-03-31
Carlyle U.S. Equity Opportunities II,2015,CalSTRS,150.00,0.1528,1.8890,2025-06-30
Centerbridge Capital Partners,2006,CalSTRS,150.00,0.1907,2.3099,2025-06-30
Centerbridge Capital Partners,2006,Oregon,200.00,0.1920,1.7800,2025-09-30
Centerbridge Capital Partners II,2011,CalSTRS,225.00,-0.0725,0.7081,2025-06-30
Centerbridge Capital Partners II,2011,NY Common,150.00,,0.8078,2024-03-31
Centerbridge Capital Partners II,2011,NY Common,150.00,,0.8095,2025-03-31
Centerbridge Capital Partners II,2011,Oregon,100.00,-0.0720,0.8100,2025-09-30
Centerbridge Capital Partners III,2015,CalPERS,150.00,0.1410,1.6218,2025-03-31
Centerbridge Capital Partners III,2015,CalSTRS,250.00,0.1412,1.5803,2025-06-30
Centerbridge Capital Partners III,2015,NY Common,200.00,,1.6041,2024-03-31
Centerbridge Capital Partners III,2015,NY Common,200.00,,1.5308,2025-03-31
Centerbridge Capital Partners III,2015,Oregon,135.00,0.1350,1.5500,2025-09-30
Centerbridge Capital Partners V,2025,Oregon,250.00,,1.0900,2025-09-30
Centerbridge Capital Partners V,2025,WSIB,400.00,,,2025-06-30
Centerbridge Special Credit III - Flex,2020,CalSTRS,87.50,0.1444,1.4423,2025-06-30
Centerbridge Special Credit III - Flex,2020,Oregon,350.00,0.1440,1.4600,2025-09-30
Centerbridge Special Credit Partners II,2012,CalSTRS,250.00,0.0128,1.0551,2025-06-30
Centerbridge Special Credit Partners II,2012,NY Common,72.80,,1.0544,2024-03-31
Centerbridge Special Credit Partners II,2012,NY Common,72.80,,1.0547,2025-03-31
Centerbridge Special Credit Partners III,2016,CalSTRS,37.50,0.0964,1.3297,2025-06-30
Centerbridge Special Credit Partners III,2016,Oregon,150.00,0.0980,1.3400,2025-09-30
"Clayton, Dubilier & Rice Fund X",2018,CalPERS,150.00,0.3090,2.3456,2025-03-31
"Clayton, Dubilier & Rice Fund X",2018,CalSTRS,250.00,0.3037,2.2663,2025-06-30
"Clayton, Dubilier & Rice Fund XI",2021,CalPERS,142.27,0.0331,1.0825,2025-03-31
"Clayton, Dubilier & Rice Fund XI",2021,CalSTRS,350.00,0.0477,1.1393,2025-06-30
"Clayton, Dubilier & Rice Fund XII",2024,CalPERS,500.00,,1.3404,2025-03-31
"Clayton, Dubilier & Rice Fund XII",2024,CalSTRS,350.00,0.3719,1.3036,2025-06-30
Clearlake Capital Partners III,2012,CalPERS,50.00,0.4070,2.8830,2025-03-31
Clearlake Capital Partners III,2012,NY Common,27.50,,2.8697,2024-03-31
Clearlake Capital Partners III,2012,NY Common,27.50,,2.8695,2025-03-31
Clearlake Capital Partners IV,2015,CalPERS,56.70,0.2770,2.0489,2025-03-31
Clearlake Capital Partners IV,2015,NY Common,87.00,,1.9733,2024-03-31
Clearlake Capital Partners IV,2015,NY Common,87.00,,1.9561,2025-03-31
Clearlake Capital Partners V,2018,CalPERS,75.00,0.3430,2.0438,2025-03-31
Clearlake Capital Partners V,2018,NY Common,125.00,,2.0768,2024-03-31
Clearlake Capital Partners V,2018,NY Common,125.00,,1.9524,2025-03-31
Clearlake Capital Partners VI,2020,NY Common,180.00,,1.6749,2024-03-31
Clearlake Capital Partners VI,2020,NY Common,180.00,,1.5240,2025-03-31
Clearlake Capital Partners VI,2020,Oregon,150.00,0.1130,1.5200,2025-09-30
Clearlake Capital Partners VII,2022,CalPERS,350.00,0.0401,1.0917,2025-03-31
Clearlake Capital Partners VII,2022,NY Common,200.00,,1.1057,2024-03-31
Clearlake Capital Partners VII,2022,NY Common,200.00,,1.0900,2025-03-31
Clearlake Capital Partners VII,2022,Oregon,250.00,0.0410,1.1100,2025-09-30
Clearwater Capital Partners Fund III,2006,CalPERS,150.00,0.0160,1.1122,2025-03-31
Clearwater Capital Partners Fund III,2006,NY Common,50.00,,1.1041,2024-03-31
Clearwater Capital Partners Fund III,2006,NY Common,50.00,,1.1047,2025-03-31
Coller International Partners VI,2012,CalSTRS,100.00,0.1474,1.6851,2025-06-30
Coller International Partners VI,2012,Oregon,100.00,0.1270,1.4600,2025-09-30
Cypress Merchant Banking Partners II,1999,NY Common,200.00,,0.9736,2024-03-31
Cypress Merchant Banking Partners II,1999,WSIB,100.00,-0.0136,0.9000,2025-06-30
Doughty Hanson & Co III,1997,Oregon,250.00,0.1360,1.9200,2025-09-30
Doughty Hanson & Co III,1997,WSIB,100.00,0.1358,1.9000,2025-06-30
Elevation Partners,2005,Oregon,100.00,0.1180,1.5700,2025-09-30
Elevation Partners,2005,WSIB,100.00,0.1181,1.6000,2025-06-30
Endeavour Capital Fund IV,2004,Oregon,50.00,0.2820,3.5200,2025-09-30
Endeavour Capital Fund IV,2004,WSIB,50.00,0.2569,3.3000,2025-06-30
Endeavour Capital Fund VII,2016,Oregon,112.40,0.1480,1.6100,2025-09-30
Endeavour Capital Fund VII,2016,WSIB,125.00,0.1858,2.3000,2025-06-30
Essex Woodlands Health Ventures Fund VI,2004,Oregon,25.00,0.0290,1.2800,2025-09-30
Essex Woodlands Health Ventures Fund VI,2004,WSIB,25.00,0.0345,1.4000,2025-06-30
FS Equity Partners V,2003,CalSTRS,95.00,0.1518,2.0939,2025-06-30
FS Equity Partners V,2003,NY Common,50.00,,2.0135,2024-03-31
FS Equity Partners V,2003,NY Common,50.00,,2.0130,2025-03-31
First Reserve Fund IX,2001,Oregon,75.00,0.4810,2.8500,2025-09-30
First Reserve Fund IX,2001,WSIB,100.00,0.4812,2.8000,2025-06-30
First Reserve Fund X,2004,Oregon,100.00,0.3100,1.8300,2025-09-30
First Reserve Fund X,2004,WSIB,200.00,0.3106,1.8000,2025-06-30
First Reserve Fund XI,2006,CalPERS,500.00,-0.0950,0.6854,2025-03-31
First Reserve Fund XI,2006,CalSTRS,800.00,-0.0889,0.6409,2025-06-30
First Reserve Fund XI,2006,WSIB,300.00,-0.0945,0.7000,2025-06-30
First Reserve Fund XII,2008,CalSTRS,800.00,-0.1684,0.4817,2025-06-30
First Reserve Fund XII,2008,WSIB,400.00,-0.1786,0.5000,2025-06-30
First Reserve Fund XIII,2014,CalPERS,400.00,-0.0190,0.9267,2025-03-31
First Reserve Fund XIII,2014,CalSTRS,200.00,-0.0225,0.9150,2025-06-30
First Reserve Fund XIII,2014,WSIB,400.00,-0.0194,0.9000,2025-06-30
Fisher Lynch Co-Investment Partnership,2006,Oregon,250.00,0.0690,1.4700,2025-09-30
Fisher Lynch Co-Investment Partnership,2006,WSIB,250.00,0.0685,1.5000,2025-06-30
Fisher Lynch Co-Investment Partnership II,2011,Oregon,500.00,0.1720,2.3100,2025-09-30
Fisher Lynch Co-Investment Partnership II,2011,WSIB,500.00,0.1733,2.3000,2025-06-30
FountainVest China Capital Partners Fund III,2017,CalSTRS,150.00,0.1151,1.6517,2025-06-30
FountainVest China Capital Partners Fund III,2017,WSIB,200.00,0.1150,1.7000,2025-06-30
FountainVest China Growth Capital Fund,2008,CalSTRS,50.00,0.0664,1.4586,2025-06-30
FountainVest China Growth Capital Fund,2008,WSIB,50.00,0.0666,1.4000,2025-06-30
FountainVest China Growth Capital Fund II,2013,CalSTRS,45.00,0.1140,1.4712,2025-06-30
FountainVest China Growth Capital Fund II,2013,NY Common,75.00,,1.4498,2024-03-31
FountainVest China Growth Capital Fund II,2013,NY Common,75.00,,1.4179,2025-03-31
FountainVest China Growth Capital Fund II,2013,WSIB,150.00,0.1140,1.4000,2025-06-30
FountainVest Partners Fund IV,2021,CalSTRS,150.00,-0.1033,0.7605,2025-06-30
FountainVest Partners Fund IV,2021,WSIB,250.00,-0.0978,0.8000,2025-06-30
Francisco Partners Agility II,2020,CalPERS,50.00,0.3040,2.1157,2025-03-31
Francisco Partners Agility II,2020,CalSTRS,50.00,0.2867,2.1325,2025-06-30
Francisco Partners Agility II,2020,Oregon,50.00,0.2800,2.1800,2025-09-30
Francisco Partners Agility III,2025,CalPERS,100.00,,1.0212,2025-03-31
Francisco Partners Agility III,2025,CalSTRS,100.00,0.3272,1.3272,2025-06-30
Francisco Partners Agility III,2025,NY Common,75.00,,,2024-03-31
Francisco Partners Agility III,2025,NY Common,75.00,,1.0212,2025-03-31
Francisco Partners Agility III,2025,Oregon,50.00,,1.1800,2025-09-30
Francisco Partners II,2006,CalPERS,175.00,0.1040,1.6529,2025-03-31
Francisco Partners II,2006,Oregon,100.00,0.1040,1.6500,2025-09-30
Francisco Partners III,2011,CalPERS,100.00,0.2290,3.4128,2025-03-31
Francisco Partners III,2011,CalSTRS,75.00,0.2295,3.4620,2025-06-30
Francisco Partners III,2011,Oregon,100.00,0.2290,3.4300,2025-09-30
Francisco Partners IV,2015,CalSTRS,140.00,0.2585,3.0561,2025-06-30
Francisco Partners IV,2015,NY Common,75.00,,2.9649,2024-03-31
Francisco Partners IV,2015,NY Common,75.00,,2.9964,2025-03-31
Francisco Partners IV,2015,Oregon,150.00,0.2550,3.0300,2025-09-30
Francisco Partners IV,2015,WSIB,140.00,0.2585,3.0000,2025-06-30
Francisco Partners V,2018,CalSTRS,200.00,0.1814,2.2343,2025-06-30
Francisco Partners V,2018,Oregon,200.00,0.1810,2.2800,2025-09-30
Francisco Partners V,2018,WSIB,200.00,0.1814,2.2000,2025-06-30
Francisco Partners VI,2021,CalPERS,250.00,0.1431,1.4277,2025-03-31
Francisco Partners VI,2021,CalSTRS,300.00,0.1412,1.4599,2025-06-30
Francisco Partners VI,2021,NY Common,200.00,,1.2932,2024-03-31
Francisco Partners VI,2021,NY Common,200.00,,1.4277,2025-03-31
Francisco Partners VI,2021,Oregon,250.00,0.1420,1.5000,2025-09-30
Francisco Partners VI,2021,WSIB,300.00,0.1412,1.5000,2025-06-30
Francisco Partners VII,2023,CalPERS,450.00,,1.0605,2025-03-31
Francisco Partners VII,2023,CalSTRS,300.00,0.1371,1.0717,2025-06-30
Francisco Partners VII,2023,NY Common,250.00,,,2024-03-31
Francisco Partners VII,2023,NY Common,250.00,,1.0605,2025-03-31
Francisco Partners VII,2023,Oregon,250.00,,1.1000,2025-09-30
Francisco Partners VII,2023,WSIB,300.00,0.1371,1.1000,2025-06-30
GGV Capital IV,2011,CalSTRS,60.00,0.0832,1.6877,2025-06-30
GGV Capital IV,2011,Oregon,50.00,0.0830,1.7100,2025-09-30
GGV Capital Select,2015,CalSTRS,50.00,0.0290,1.1994,2025-06-30
GGV Capital Select,2015,Oregon,50.00,0.0320,1.2300,2025-09-30
GGV Capital V,2014,CalSTRS,50.00,0.2413,4.7164,2025-06-30
GGV Capital V,2014,Oregon,50.00,0.2490,5.4500,2025-09-30
GGV Capital VI,2016,CalSTRS,45.00,0.0843,1.6513,2025-06-30
GGV Capital VI,2016,Oregon,45.00,0.0710,1.5400,2025-09-30
GGV Capital VI Plus,2018,CalSTRS,15.00,0.1467,1.8309,2025-06-30
GGV Capital VI Plus,2018,Oregon,15.00,0.1500,1.8600,2025-09-30
GGV Capital VII,2019,CalSTRS,12.00,0.0415,1.2256,2025-06-30
GGV Capital VII,2019,Oregon,16.00,0.0520,1.3000,2025-09-30
GGV Capital VIII Plus,2021,CalSTRS,72.00,0.0202,1.0570,2025-06-30
GGV Capital VIII Plus,2021,Oregon,18.00,0.1130,1.3400,2025-09-30
GGV Discovery II,2019,CalSTRS,20.00,0.0865,1.4854,2025-06-30
GGV Discovery II,2019,Oregon,20.00,0.0710,1.4100,2025-09-30
GGV Discovery III,2021,CalSTRS,30.00,0.0705,1.2084,2025-06-30
GGV Discovery III,2021,Oregon,30.00,0.0580,1.1800,2025-09-30
GI Partners Fund IV,2014,Oregon,100.00,0.1400,2.0900,2025-09-30
GI Partners Fund IV,2014,WSIB,150.00,0.1453,2.1000,2025-06-30
GI Partners Fund VI,2021,CalSTRS,300.00,0.0950,1.2974,2025-06-30
GI Partners Fund VI,2021,WSIB,300.00,0.0951,1.3000,2025-06-30
GSO Capital Opportunities Fund II,2011,CalSTRS,250.00,0.1031,1.3390,2025-06-30
GSO Capital Opportunities Fund II,2011,Oregon,100.00,0.0810,1.1700,2025-09-30
GSO Capital Solutions Fund II,2014,CalSTRS,125.00,0.7100,1.0139,2025-06-30
GSO Capital Solutions Fund II,2014,NY Common,100.00,,1.0206,2024-03-31
GSO Capital Solutions Fund II,2014,NY Common,100.00,,1.0121,2025-03-31
GSO Capital Solutions Fund III,2018,CalSTRS,250.00,0.0974,1.1629,2025-06-30
GSO Capital Solutions Fund III,2018,NY Common,300.00,,1.2049,2024-03-31
GSO Capital Solutions Fund III,2018,NY Common,300.00,,1.2659,2025-03-31
GTCR Fund XIV,2024,Oregon,250.00,,1.4700,2025-09-30
GTCR Fund XIV,2024,WSIB,650.00,0.6320,1.4000,2025-06-30
GTCR Strategic Growth Fund I,2022,Oregon,65.00,0.0890,1.1400,2025-09-30
GTCR Strategic Growth Fund I,2022,WSIB,165.00,0.1212,1.2000,2025-06-30
Genstar Capital Partners X,2021,CalPERS,100.00,0.0431,1.0965,2025-03-31
Genstar Capital Partners X,2021,Oregon,140.00,0.0400,1.1100,2025-09-30
Genstar Capital Partners XI,2023,CalPERS,200.00,,1.0875,2025-03-31
Genstar Capital Partners XI,2023,NY Common,250.00,,1.7410,2024-03-31
Genstar Capital Partners XI,2023,NY Common,250.00,,1.0751,2025-03-31
Genstar Capital Partners XI,2023,Oregon,229.10,,1.2100,2025-09-30
Genstar X Opportunities Fund I,2021,CalPERS,150.00,0.0841,1.2120,2025-03-31
Genstar X Opportunities Fund I,2021,Oregon,85.00,0.0880,1.2700,2025-09-30
Genstar XI Opportunities Fund I,2023,CalPERS,200.00,,1.1647,2025-03-31
Genstar XI Opportunities Fund I,2023,Oregon,20.90,,1.1500,2025-09-30
Green Equity Investors IV,2003,Oregon,100.00,0.1120,1.9200,2025-09-30
Green Equity Investors IV,2003,WSIB,100.00,0.1113,1.9000,2025-06-30
Green Equity Investors IX,2023,CalPERS,500.00,,1.1247,2025-03-31
Green Equity Investors IX,2023,NY Common,350.00,,1.2634,2024-03-31
Green Equity Investors IX,2023,NY Common,350.00,,1.1194,2025-03-31
Green Equity Investors IX,2023,WSIB,325.00,0.1922,1.2000,2025-06-30
Green Equity Investors V,2007,CalPERS,400.00,0.1840,2.2980,2025-03-31
Green Equity Investors V,2007,NY Common,125.00,,2.2364,2024-03-31
Green Equity Investors V,2007,NY Common,125.00,,2.2296,2025-03-31
Green Equity Investors V,2007,WSIB,205.00,0.1814,2.3000,2025-06-30
Green Equity Investors VI,2012,NY Common,200.00,,1.9254,2024-03-31
Green Equity Investors VI,2012,NY Common,200.00,,2.0023,2025-03-31
Green Equity Investors VI,2012,WSIB,300.00,0.1333,2.1000,2025-06-30
Green Equity Investors VII,2017,NY Common,182.00,,2.0812,2024-03-31
Green Equity Investors VII,2017,NY Common,182.00,,2.0067,2025-03-31
Green Equity Investors VII,2017,Oregon,250.00,0.1700,1.8900,2025-09-30
Green Equity Investors VII,2017,WSIB,350.00,0.1873,2.0000,2025-06-30
Green Equity Investors VIII,2020,CalPERS,376.21,0.1060,1.3899,2025-03-31
Green Equity Investors VIII,2020,NY Common,400.00,,1.2820,2024-03-31
Green Equity Investors VIII,2020,NY Common,400.00,,1.4788,2025-03-31
Green Equity Investors VIII,2020,WSIB,400.00,0.1239,1.5000,2025-06-30
Gryphon Partners II,1999,Oregon,50.00,0.0470,1.1800,2025-09-30
Gryphon Partners II,1999,WSIB,32.50,0.0461,1.2000,2025-06-30
Hellman & Friedman Capital Partners IX,2020,CalPERS,578.72,0.1310,1.5885,2025-03-31
Hellman & Friedman Capital Partners IX,2020,CalSTRS,450.00,0.1400,1.7166,2025-06-30
Hellman & Friedman Capital Partners IX,2020,NY Common,325.00,,1.4969,2024-03-31
Hellman & Friedman Capital Partners IX,2020,NY Common,325.00,,1.6235,2025-03-31
Hellman & Friedman Capital Partners IX,2020,Oregon,280.00,0.1160,1.5600,2025-09-30
Hellman & Friedman Capital Partners IX,2020,WSIB,750.00,0.1400,1.7000,2025-06-30
Hellman & Friedman Capital Partners VII,2011,CalPERS,300.00,0.2460,3.3808,2025-03-31
Hellman & Friedman Capital Partners VII,2011,CalSTRS,100.00,0.2453,3.3819,2025-06-30
Hellman & Friedman Capital Partners VII,2011,NY Common,200.00,,3.3607,2024-03-31
Hellman & Friedman Capital Partners VII,2011,NY Common,200.00,,3.3546,2025-03-31
Hellman & Friedman Capital Partners VII,2011,WSIB,400.00,0.2459,3.4000,2025-06-30
Hellman & Friedman Capital Partners VIII,2016,CalPERS,500.00,0.1090,1.7319,2025-03-31
Hellman & Friedman Capital Partners VIII,2016,CalSTRS,200.00,0.1054,1.7253,2025-06-30
Hellman & Friedman Capital Partners VIII,2016,NY Common,300.00,,1.7645,2024-03-31
Hellman & Friedman Capital Partners VIII,2016,NY Common,300.00,,1.7328,2025-03-31
Hellman & Friedman Capital Partners VIII,2016,Oregon,100.00,0.1040,1.7300,2025-09-30
Hellman & Friedman Capital Partners VIII,2016,WSIB,600.00,0.1054,1.7000,2025-06-30
Hellman & Friedman Capital Partners X,2021,CalPERS,940.01,0.0621,1.1616,2025-03-31
Hellman & Friedman Capital Partners X,2021,CalSTRS,600.00,0.0604,1.1568,2025-06-30
Hellman & Friedman Capital Partners X,2021,NY Common,500.00,,1.1830,2024-03-31
Hellman & Friedman Capital Partners X,2021,NY Common,500.00,,1.1708,2025-03-31
Hellman & Friedman Capital Partners X,2021,Oregon,350.00,0.0380,1.1000,2025-09-30
Hellman & Friedman Capital Partners X,2021,WSIB,1000.00,0.0604,1.2000,2025-06-30
Hellman & Friedman Capital Partners XI,2025,CalSTRS,200.00,0.0000,,2025-06-30
Hellman & Friedman Capital Partners XI,2025,NY Common,300.00,,,2024-03-31
Hellman & Friedman Capital Partners XI,2025,NY Common,300.00,,,2025-03-31
Hellman & Friedman Capital Partners XI,2025,Oregon,250.00,,,2025-09-30
Hellman & Friedman Capital Partners XI,2025,WSIB,750.00,,,2025-06-30
Hg Saturn 3 A,2023,CalPERS,150.00,,1.1834,2025-03-31
Hg Saturn 3 A,2023,CalSTRS,120.00,0.1357,1.2185,2025-06-30
Hony Capital Fund V,2011,CalSTRS,75.00,-0.0389,0.7355,2025-06-30
Hony Capital Fund V,2011,NY Common,100.00,,0.7625,2024-03-31
Hony Capital Fund V,2011,NY Common,100.00,,0.7714,2025-03-31
ICV Partners IV,2018,CalSTRS,60.00,0.1142,1.3284,2025-06-30
ICV Partners IV,2018,NY Common,75.00,,1.4777,2024-03-31
ICV Partners IV,2018,NY Common,75.00,,1.3331,2025-03-31
Insight Partners XI,2020,CalPERS,400.00,0.1300,1.6711,2025-03-31
Insight Partners XI,2020,NY Common,250.00,,1.5258,2024-03-31
Insight Partners XI,2020,NY Common,250.00,,1.6708,2025-03-31
Insight Partners XI,2020,WSIB,200.00,0.1256,1.7000,2025-06-30
Insight Partners XII,2021,CalPERS,600.00,0.0111,1.0280,2025-03-31
Insight Partners XII,2021,NY Common,300.00,,0.9517,2024-03-31
Insight Partners XII,2021,NY Common,300.00,,1.0232,2025-03-31
Insight Partners XII,2021,WSIB,250.00,0.0157,1.0000,2025-06-30
Insight Partners XII Buyout Annex Fund,2021,CalPERS,150.00,0.0951,1.2709,2025-03-31
Insight Partners XII Buyout Annex Fund,2021,NY Common,100.00,,1.2111,2024-03-31
Insight Partners XII Buyout Annex Fund,2021,NY Common,100.00,,1.2631,2025-03-31
Insight Partners XIII,2024,CalPERS,300.00,,0.9654,2025-03-31
Insight Partners XIII,2024,NY Common,300.00,,,2024-03-31
Insight Partners XIII,2024,NY Common,300.00,,0.9654,2025-03-31
Insight Venture Partners Growth-Buyout Coinvestment Fund (B),2015,CalPERS,400.00,0.2630,3.5523,2025-03-31
Insight Venture Partners Growth-Buyout Coinvestment Fund (B),2015,WSIB,50.00,0.2531,3.4000,2025-06-30
Insight Venture Partners IX,2015,CalPERS,100.00,0.2340,3.9207,2025-03-31
Insight Venture Partners IX,2015,WSIB,150.00,0.2303,3.9000,2025-06-30
Insight Venture Partners X,2018,CalPERS,250.00,0.2300,2.8037,2025-03-31
Insight Venture Partners X,2018,NY Common,250.00,,2.6825,2024-03-31
Insight Venture Partners X,2018,NY Common,250.00,,2.8262,2025-03-31
JMI Equity Fund VII,2011,CalSTRS,50.00,0.1773,2.5160,2025-06-30
JMI Equity Fund VII,2011,NY Common,40.00,,2.5011,2024-03-31
Jade Equity Investors,2020,CalPERS,155.00,0.1940,1.5176,2025-03-31
Jade Equity Investors,2020,WSIB,175.00,0.1949,1.6000,2025-06-30
Jade Equity Investors II,2024,CalPERS,150.00,,1.1112,2025-03-31
Jade Equity Investors II,2024,NY Common,50.00,,,2024-03-31
Jade Equity Investors II,2024,NY Common,50.00,,1.1112,2025-03-31
Jade Equity Investors II,2024,WSIB,125.00,0.3417,1.2000,2025-06-30
Joseph Littlejohn Levy Fund II,1994,Oregon,50.00,0.0710,1.5100,2025-09-30
Joseph Littlejohn Levy Fund II,1994,WSIB,40.00,0.0715,1.5000,2025-06-30
"Joseph, Littlejohn & Levy Fund III",1998,Oregon,100.00,0.1120,1.5700,2025-09-30
"Joseph, Littlejohn & Levy Fund III",1998,WSIB,125.00,0.1119,1.5000,2025-06-30
KKR 1982 Fund,1983,Oregon,25.00,0.3970,3.3000,2025-09-30
KKR 1982 Fund,1983,WSIB,12.99,0.3655,3.0000,2025-06-30
KKR 1984 Fund,1984,Oregon,99.50,0.2860,4.3100,2025-09-30
KKR 1984 Fund,1984,WSIB,127.10,0.2919,4.4000,2025-06-30
KKR 1986 Fund,1986,Oregon,98.30,0.2630,4.5500,2025-09-30
KKR 1986 Fund,1986,WSIB,84.35,0.2801,5.5000,2025-06-30
KKR 1987 Fund,1987,Oregon,726.70,0.0880,1.6600,2025-09-30
KKR 1987 Fund,1987,WSIB,626.07,0.0862,1.7000,2025-06-30
KKR 1993 Fund,1993,Oregon,350.00,0.1670,1.6600,2025-09-30
KKR 1993 Fund,1993,WSIB,350.00,0.1667,1.7000,2025-06-30
KKR 1996 Fund,1997,Oregon,800.00,0.1320,1.6300,2025-09-30
KKR 1996 Fund,1997,WSIB,850.65,0.1320,1.6000,2025-06-30
KKR 2006 Fund,2006,CalPERS,400.00,0.0820,1.5799,2025-03-31
KKR 2006 Fund,2006,CalSTRS,300.00,0.0835,1.7772,2025-06-30
KKR 2006 Fund,2006,NY Common,600.00,,1.6943,2024-03-31
KKR 2006 Fund,2006,Oregon,1312.50,0.0980,1.8700,2025-09-30
KKR 2006 Fund,2006,WSIB,1500.00,0.0942,1.8000,2025-06-30
KKR Americas Fund XII,2017,CalSTRS,300.00,0.1940,2.1611,2025-06-30
KKR Americas Fund XII,2017,NY Common,600.00,,1.9461,2024-03-31
KKR Americas Fund XII,2017,NY Common,600.00,,2.1453,2025-03-31
KKR Americas Fund XII,2017,Oregon,500.00,0.1950,2.2200,2025-09-30
KKR Americas Fund XII,2017,WSIB,750.00,0.2028,2.2000,2025-06-30
KKR Asian Fund,2007,CalPERS,272.58,0.1360,1.6905,2025-03-31
KKR Asian Fund,2007,NY Common,50.00,,1.6905,2024-03-31
KKR Asian Fund,2007,NY Common,50.00,,1.6908,2025-03-31
KKR Asian Fund,2007,Oregon,99.10,0.1370,1.7900,2025-09-30
KKR Asian Fund,2007,WSIB,400.00,0.1359,1.7000,2025-06-30
KKR Asian Fund II,2013,CalPERS,350.00,0.0150,1.0532,2025-03-31
KKR Asian Fund II,2013,NY Common,150.00,,1.1216,2024-03-31
KKR Asian Fund II,2013,NY Common,150.00,,0.9790,2025-03-31
KKR Asian Fund II,2013,Oregon,200.00,-0.0110,0.9600,2025-09-30
KKR Asian Fund II,2013,WSIB,400.00,-0.0099,1.0000,2025-06-30
KKR Asian Fund III,2018,CalSTRS,180.00,0.1911,1.9877,2025-06-30
KKR Asian Fund III,2018,NY Common,285.00,,1.9636,2024-03-31
KKR Asian Fund III,2018,NY Common,285.00,,1.9387,2025-03-31
KKR Asian Fund III,2018,Oregon,250.00,0.1850,1.9900,2025-09-30
KKR Asian Fund III,2018,WSIB,500.00,0.1954,2.0000,2025-06-30
KKR Asian Fund IV SCSp,2021,CalPERS,300.00,0.1801,1.4757,2025-03-31
KKR Asian Fund IV SCSp,2021,CalSTRS,300.00,0.1922,1.5351,2025-06-30
KKR Asian Fund IV SCSp,2021,WSIB,500.00,0.1949,1.5000,2025-06-30
KKR European Fund,1999,Oregon,400.00,0.1970,2.0700,2025-09-30
KKR European Fund,1999,WSIB,400.00,0.1973,2.1000,2025-06-30
KKR European Fund II,2005,CalPERS,202.98,0.0390,1.2496,2025-03-31
KKR European Fund II,2005,NY Common,53.96,,1.2493,2024-03-31
KKR European Fund II,2005,NY Common,54.10,,1.2494,2025-03-31
KKR European Fund II,2005,Oregon,500.00,0.0480,1.3200,2025-09-30
KKR European Fund II,2005,WSIB,500.00,0.0478,1.3000,2025-06-30
KKR European Fund III,2008,CalPERS,317.27,0.0950,1.4114,2025-03-31
KKR European Fund III,2008,Oregon,463.00,0.1110,1.6300,2025-09-30
KKR Millennium Fund,2002,NY Common,250.00,,1.8050,2024-03-31
KKR Millennium Fund,2002,Oregon,1000.00,0.1640,1.8400,2025-09-30
KKR Millennium Fund,2002,WSIB,1500.00,0.1670,1.8000,2025-06-30
KKR North America Fund XI,2013,CalSTRS,150.00,0.1887,2.4004,2025-06-30
KKR North America Fund XI,2013,Oregon,750.00,0.1940,2.0900,2025-09-30
KKR North America Fund XI,2013,WSIB,500.00,0.1937,2.3000,2025-06-30
KKR North America Fund XIII SCSp,2022,CalPERS,600.00,0.1221,1.2253,2025-03-31
KKR North America Fund XIII SCSp,2022,CalSTRS,275.00,0.1082,1.2000,2025-06-30
KKR North America Fund XIII SCSp,2022,NY Common,400.00,,1.0811,2024-03-31
KKR North America Fund XIII SCSp,2022,NY Common,400.00,,1.2179,2025-03-31
KKR North America Fund XIII SCSp,2022,WSIB,750.00,0.1170,1.2000,2025-06-30
KKR North America XIV SCSp,2025,CalSTRS,400.00,0.0000,,2025-06-30
KKR North America XIV SCSp,2025,NY Common,500.00,,,2025-03-31
KSL Capital Partners II,2006,Oregon,100.00,0.1530,1.8700,2025-09-30
KSL Capital Partners II,2006,WSIB,100.00,0.1530,1.9000,2025-06-30
KSL Capital Partners III,2011,NY Common,115.00,,1.2455,2024-03-31
KSL Capital Partners III,2011,NY Common,115.00,,1.2321,2025-03-31
KSL Capital Partners III,2011,Oregon,100.00,0.0760,1.2200,2025-09-30
KSL Capital Partners III,2011,WSIB,200.00,0.0779,1.2000,2025-06-30
KSL Capital Partners IV,2016,NY Common,225.00,,1.6650,2024-03-31
KSL Capital Partners IV,2016,NY Common,225.00,,1.6719,2025-03-31
KSL Capital Partners IV,2016,Oregon,150.00,0.1230,1.6200,2025-09-30
KSL Capital Partners IV,2016,WSIB,250.00,0.1282,1.6000,2025-06-30
KSL Capital Partners Supplemental II TE,2009,Oregon,50.00,0.2480,2.1600,2025-09-30
KSL Capital Partners Supplemental II TE,2009,WSIB,50.00,0.2479,2.2000,2025-06-30
KSL Capital Partners V,2019,NY Common,300.00,,1.2894,2024-03-31
KSL Capital Partners V,2019,NY Common,300.00,,1.3042,2025-03-31
KSL Capital Partners V,2019,Oregon,200.00,0.1210,1.3300,2025-09-30
KSL Capital Partners V,2019,WSIB,300.00,0.1191,1.3000,2025-06-30
Lindsay Goldberg IV,2015,CalPERS,136.92,0.2890,1.9989,2025-03-31
Lindsay Goldberg IV,2015,NY Common,250.00,,2.1173,2024-03-31
Lindsay Goldberg IV,2015,NY Common,250.00,,1.9880,2025-03-31
Luminate Capital Partners III,2021,Oregon,150.00,0.0440,1.1100,2025-09-30
Luminate Capital Partners III,2021,WSIB,150.00,0.0370,1.1000,2025-06-30
Luminate Capital Partners IV,2025,Oregon,150.00,,0.9900,2025-09-30
Luminate Capital Partners IV,2025,WSIB,200.00,,,2025-06-30
MBK Partners Fund VI,2024,CalPERS,250.00,,0.8056,2025-03-31
MBK Partners Fund VI,2024,CalSTRS,125.00,-0.3004,0.7185,2025-06-30
MBK Partners IV,2017,CalSTRS,155.00,0.0960,1.5724,2025-06-30
MBK Partners IV,2017,Oregon,200.00,0.0920,1.5600,2025-09-30
Madison Dearborn Capital Partners V,2006,CalPERS,300.00,0.0750,1.5498,2025-03-31
Madison Dearborn Capital Partners V,2006,NY Common,75.00,,1.6298,2024-03-31
Madison Dearborn Capital Partners V,2006,NY Common,75.00,,1.6319,2025-03-31
Madison Dearborn Capital Partners V,2006,WSIB,175.00,0.0748,1.6000,2025-06-30
MatlinPatterson Global Opp. Partners. III,2007,Oregon,150.00,0.0390,1.2100,2025-09-30
MatlinPatterson Global Opp. Partners. III,2007,WSIB,150.00,0.0398,1.2000,2025-06-30
MatlinPatterson Global Opportunities Partners,2002,Oregon,75.00,0.1590,1.7200,2025-09-30
MatlinPatterson Global Opportunities Partners,2002,WSIB,75.00,0.1582,1.7000,2025-06-30
New Enterprise Associates 10,2000,CalSTRS,200.00,0.0225,1.1675,2025-06-30
New Enterprise Associates 10,2000,WSIB,110.00,0.0232,1.2000,2025-06-30
New Enterprise Associates 12,2006,CalSTRS,160.00,0.0625,1.4058,2025-06-30
New Enterprise Associates 12,2006,WSIB,50.00,0.0637,1.4000,2025-06-30
New Mountain Partners III,2007,CalPERS,400.00,0.1460,2.2725,2025-03-31
New Mountain Partners III,2007,NY Common,100.00,,2.3291,2024-03-31
New Mountain Partners III,2007,NY Common,100.00,,2.3290,2025-03-31
New Mountain Partners III,2007,Oregon,100.00,0.1230,1.9500,2025-09-30
New Mountain Partners VI,2021,CalPERS,289.70,0.1301,1.3199,2025-03-31
New Mountain Partners VI,2021,WSIB,300.00,0.1648,1.5000,2025-06-30
New Mountain Partners VII,2024,CalPERS,250.00,,0.9948,2025-03-31
New Mountain Partners VII,2024,WSIB,400.00,0.3587,1.2000,2025-06-30
Nordic Capital Fund VIII,2013,NY Common,107.93,,1.5102,2024-03-31
Nordic Capital Fund VIII,2013,NY Common,108.20,,1.5424,2025-03-31
Nordic Capital Fund VIII,2013,Oregon,75.00,0.1530,1.7000,2025-09-30
Nordic Capital Fund VIII,2013,WSIB,398.59,0.1231,1.6000,2025-06-30
OCM Opportunities Fund,1995,Oregon,48.00,0.1030,1.6400,2025-09-30
OCM Opportunities Fund,1995,WSIB,38.60,0.1023,1.6000,2025-06-30
OCM Opportunities Fund II,1997,Oregon,75.00,0.0840,1.5100,2025-09-30
OCM Opportunities Fund II,1997,WSIB,75.00,0.0845,1.5000,2025-06-30
OCM Opportunities Fund III,1999,Oregon,100.00,0.1200,1.5000,2025-09-30
OCM Opportunities Fund III,1999,WSIB,125.00,0.1194,1.5000,2025-06-30
OCM Opportunities Fund V,2004,Oregon,50.00,0.1420,1.6500,2025-09-30
OCM Opportunities Fund V,2004,WSIB,30.00,0.1401,1.7000,2025-06-30
OCM Opportunities Fund VI,2005,Oregon,50.00,0.0870,1.5800,2025-09-30
OCM Opportunities Fund VI,2005,WSIB,30.00,0.0875,1.6000,2025-06-30
OCM Opportunities Fund VII,2007,CalSTRS,115.64,0.0730,1.3838,2025-06-30
OCM Opportunities Fund VII,2007,Oregon,50.00,0.0730,1.3800,2025-09-30
OCM Opportunities Fund VII,2007,WSIB,85.00,0.0734,1.4000,2025-06-30
OCM Opportunities Fund VIIb,2008,CalSTRS,300.00,0.1640,1.8562,2025-06-30
OCM Opportunities Fund VIIb,2008,NY Common,200.00,,1.7319,2024-03-31
OCM Opportunities Fund VIIb,2008,Oregon,100.00,0.1650,1.7300,2025-09-30
OCM Opportunities Fund VIIb,2008,WSIB,215.00,0.1652,1.7000,2025-06-30
OCM Principal Opportunities Fund IV,2006,Oregon,100.00,0.0880,1.6800,2025-09-30
OCM Principal Opportunities Fund IV,2006,WSIB,150.00,0.0882,1.7000,2025-06-30
OVP Venture Partners VI,2001,Oregon,40.00,-0.6990,0.2800,2025-09-30
OVP Venture Partners VI,2001,WSIB,40.00,-0.1559,0.3000,2025-06-30
Oak Investment Partners XI,2004,CalSTRS,75.00,-0.0245,0.8237,2025-06-30
Oak Investment Partners XI,2004,WSIB,100.00,-0.0245,0.8000,2025-06-30
Oaktree European Principal Fund III U.S.,2011,CalSTRS,75.00,0.0485,1.3881,2025-06-30
Oaktree European Principal Fund III U.S.,2011,Oregon,50.00,0.0440,1.2800,2025-09-30
Oaktree Opportunities Fund IX,2013,Oregon,75.00,0.0800,1.8600,2025-09-30
Oaktree Opportunities Fund IX,2013,WSIB,400.00,0.0802,1.8000,2025-06-30
Oaktree Opportunities Fund VIII,2009,NY Common,100.00,,1.4463,2024-03-31
Oaktree Opportunities Fund VIII,2009,NY Common,100.00,,1.4453,2025-03-31
Oaktree Opportunities Fund VIII,2009,Oregon,50.00,0.0910,1.4600,2025-09-30
Oaktree Opportunities Fund VIII,2009,WSIB,125.00,0.0905,1.5000,2025-06-30
Oaktree Opportunities Fund VIIIb,2011,CalPERS,200.00,0.0810,1.6763,2025-03-31
Oaktree Opportunities Fund VIIIb,2011,NY Common,100.00,,1.6814,2024-03-31
Oaktree Opportunities Fund VIIIb,2011,NY Common,100.00,,1.6763,2025-03-31
Oaktree Opportunities Fund VIIIb,2011,Oregon,50.00,0.0820,1.6800,2025-09-30
Oaktree Opportunities Fund VIIIb,2011,WSIB,125.00,0.0814,1.7000,2025-06-30
Oaktree Opportunities Fund X,2015,Oregon,50.00,0.0840,1.5100,2025-09-30
Oaktree Opportunities Fund X,2015,WSIB,200.00,0.0881,1.5000,2025-06-30
Oaktree Opportunities Fund XI,2020,Oregon,350.00,0.0950,1.3200,2025-09-30
Oaktree Opportunities Fund XI,2020,WSIB,400.00,0.0963,1.3000,2025-06-30
Oaktree Opportunities Fund Xb,2018,Oregon,100.00,0.1150,1.7100,2025-09-30
Oaktree Opportunities Fund Xb,2018,WSIB,400.00,0.1173,1.7000,2025-06-30
Oaktree Principal Fund V,2010,Oregon,100.00,0.0150,1.0700,2025-09-30
Oaktree Principal Fund V,2010,WSIB,150.00,0.0320,1.2000,2025-06-30
Onex Partners IV,2014,CalPERS,260.62,0.0690,1.3839,2025-03-31
Onex Partners IV,2014,CalSTRS,200.00,0.0692,1.3999,2025-06-30
OrbiMed Private Investments IV,2010,CalSTRS,40.00,0.3175,3.1215,2025-06-30
OrbiMed Private Investments IV,2010,Oregon,40.00,0.3180,2.7300,2025-09-30
OrbiMed Private Investments V,2013,CalSTRS,40.00,0.3816,2.4451,2025-06-30
OrbiMed Private Investments V,2013,Oregon,40.00,0.3820,2.3500,2025-09-30
PAG Asia I,2012,CalPERS,100.00,0.1730,1.8153,2025-03-31
PAG Asia I,2012,CalSTRS,125.00,0.1661,2.0068,2025-06-30
PAG Asia II,2016,CalSTRS,150.00,0.0951,1.6392,2025-06-30
PAG Asia II,2016,WSIB,150.00,0.0950,1.6000,2025-06-30
PAG Asia III,2019,CalPERS,380.00,0.0810,1.2833,2025-03-31
PAG Asia III,2019,CalSTRS,250.00,0.0809,1.3026,2025-06-30
PAG Asia III,2019,WSIB,350.00,0.0797,1.3000,2025-06-30
PSG Europe II,2023,CalPERS,108.03,,1.2939,2025-03-31
PSG Europe II,2023,WSIB,200.32,0.4444,1.3000,2025-06-30
PSG V,2021,CalPERS,100.00,0.1151,1.2084,2025-03-31
PSG V,2021,WSIB,200.00,0.1037,1.2000,2025-06-30
Palladium Equity Partners IV,2012,CalSTRS,90.00,0.1024,1.7421,2025-06-30
Palladium Equity Partners IV,2012,NY Common,100.00,,1.5908,2024-03-31
Palladium Equity Partners IV,2012,NY Common,100.00,,1.6766,2025-03-31
Palladium Equity Partners IV,2012,Oregon,100.00,0.0960,1.6700,2025-09-30
Palladium Equity Partners V,2018,CalPERS,75.00,0.1290,1.5443,2025-03-31
Palladium Equity Partners V,2018,CalSTRS,100.00,0.1486,1.6761,2025-06-30
Palladium Equity Partners V,2018,NY Common,150.00,,1.5020,2024-03-31
Palladium Equity Partners V,2018,NY Common,150.00,,1.6477,2025-03-31
Palladium Equity Partners V,2018,Oregon,250.00,0.1200,1.5000,2025-09-30
Permira Europe III,2004,CalPERS,126.99,0.2660,1.7292,2025-03-31
Permira Europe III,2004,CalSTRS,352.15,0.2415,1.6556,2025-06-30
Permira Growth Opportunities II SCSP,2022,CalPERS,155.00,-0.0131,0.9767,2025-03-31
Permira Growth Opportunities II SCSP,2022,CalSTRS,150.00,0.0084,1.0131,2025-06-30
Permira Growth Opportunities II SCSP,2022,WSIB,200.00,0.0203,1.0000,2025-06-30
Permira IV,2006,CalSTRS,821.69,0.0901,1.7739,2025-06-30
Permira IV,2006,WSIB,125.21,0.0860,1.6000,2025-06-30
Permira V,2014,CalPERS,269.00,0.2040,2.7236,2025-03-31
Permira V,2014,CalSTRS,264.12,0.2063,2.7604,2025-06-30
Permira V,2014,WSIB,378.46,0.2091,2.8000,2025-06-30
Permira VI,2017,Oregon,250.60,0.1460,2.0400,2025-09-30
Permira VI,2017,WSIB,366.80,0.1526,2.1000,2025-06-30
Permira VII,2020,Oregon,252.30,0.0870,1.4100,2025-09-30
Permira VII,2020,WSIB,400.09,0.0879,1.4000,2025-06-30
Permira VII L.P.1,2020,CalPERS,553.98,0.0620,1.2331,2025-03-31
Permira VII L.P.1,2020,CalSTRS,528.23,0.0880,1.3726,2025-06-30
Permira VIII,2023,Oregon,257.10,,1.2400,2025-09-30
Permira VIII,2023,WSIB,388.86,0.1555,1.3000,2025-06-30
Permira VIII-2 SCSp,2023,CalPERS,700.39,,1.1239,2025-03-31
Permira VIII-2 SCSp,2023,CalSTRS,363.89,0.1737,1.2565,2025-06-30
Providence Equity Partners IV,2000,NY Common,154.92,,1.8944,2024-03-31
Providence Equity Partners IV,2000,NY Common,154.92,,1.8942,2025-03-31
Providence Equity Partners IV,2000,Oregon,150.00,0.2390,1.9100,2025-09-30
Providence Equity Partners V,2005,CalSTRS,350.00,0.0304,1.2380,2025-06-30
Providence Equity Partners V,2005,NY Common,150.00,,1.1713,2024-03-31
Providence Equity Partners V,2005,Oregon,150.00,0.0300,1.1700,2025-09-30
Providence Equity Partners VI,2007,CalSTRS,700.00,0.0591,1.4896,2025-06-30
Providence Equity Partners VI,2007,NY Common,350.00,,1.3461,2024-03-31
Providence Equity Partners VI,2007,NY Common,350.00,,1.3448,2025-03-31
Providence Equity Partners VI,2007,WSIB,250.00,0.0593,1.4000,2025-06-30
Providence Equity Partners VII,2012,NY Common,100.00,,2.1244,2024-03-31
Providence Equity Partners VII,2012,NY Common,100.00,,2.0609,2025-03-31
Providence Equity Partners VII,2012,WSIB,300.00,0.2080,2.0000,2025-06-30
Providence Equity Partners VIII,2019,NY Common,250.00,,1.3704,2024-03-31
Providence Equity Partners VIII,2019,NY Common,250.00,,1.4455,2025-03-31
Providence Equity Partners VIII,2019,WSIB,400.00,0.1361,1.5000,2025-06-30
Quadrangle Capital Partners II,2005,CalSTRS,100.00,0.0685,1.5107,2025-06-30
Quadrangle Capital Partners II,2005,NY Common,150.00,,1.3669,2024-03-31
Quadrangle Capital Partners II,2005,NY Common,150.00,,1.3669,2025-03-31
RRJ Capital Master Fund II,2013,NY Common,300.00,,1.3809,2024-03-31
RRJ Capital Master Fund II,2013,NY Common,300.00,,1.3781,2025-03-31
RRJ Capital Master Fund II,2013,Oregon,75.00,0.0860,1.3400,2025-09-30
RRJ Capital Master Fund III,2015,CalSTRS,200.00,0.0735,1.2050,2025-06-30
RRJ Capital Master Fund III,2015,NY Common,400.00,,1.0998,2024-03-31
RRJ Capital Master Fund III,2015,NY Common,400.00,,1.2188,2025-03-31
RRJ Capital Master Fund III,2015,Oregon,150.00,0.0770,1.2200,2025-09-30
Roark Capital Partners IV,2016,Oregon,100.00,0.0720,1.5900,2025-09-30
Roark Capital Partners IV,2016,WSIB,175.00,0.0449,1.3000,2025-06-30
Roark Capital Partners VI,2021,NY Common,200.00,,1.3596,2024-03-31
Roark Capital Partners VI,2021,NY Common,200.00,,1.4283,2025-03-31
Roark Capital Partners VI,2021,Oregon,250.00,0.1750,1.4700,2025-09-30
SAIF Partners III,2007,CalPERS,100.00,0.0600,1.7367,2025-03-31
SAIF Partners III,2007,NY Common,50.00,,1.4571,2024-03-31
SAIF Partners III,2007,NY Common,50.00,,1.5736,2025-03-31
SAIF Partners IV,2010,CalPERS,120.00,0.0400,1.3685,2025-03-31
SAIF Partners IV,2010,NY Common,100.00,,1.4040,2024-03-31
SAIF Partners IV,2010,NY Common,100.00,,1.3685,2025-03-31
Searchlight Capital III,2020,CalSTRS,150.00,0.2290,1.7512,2025-06-30
Searchlight Capital III,2020,NY Common,225.00,,1.5899,2024-03-31
Searchlight Capital III,2020,NY Common,225.00,,1.6747,2025-03-31
Seventh Cinven Fund,2019,NY Common,345.37,,1.1879,2024-03-31
Seventh Cinven Fund,2019,NY Common,346.23,,1.2659,2025-03-31
Seventh Cinven Fund,2019,Oregon,224.40,0.1090,1.3800,2025-09-30
Silver Lake Partners III,2007,CalPERS,480.00,0.1850,1.9428,2025-03-31
Silver Lake Partners III,2007,WSIB,250.00,0.1758,1.9000,2025-06-30
Silver Lake Partners IV,2013,CalPERS,320.00,0.2070,2.6486,2025-03-31
Silver Lake Partners IV,2013,WSIB,400.00,0.2089,2.7000,2025-06-30
Silver Lake Partners V,2018,CalPERS,400.00,0.1150,1.5764,2025-03-31
Silver Lake Partners V,2018,WSIB,540.00,0.1205,1.6000,2025-06-30
Silver Lake Partners VI,2021,CalPERS,755.24,0.0821,1.2242,2025-03-31
Silver Lake Partners VI,2021,WSIB,750.00,0.0898,1.3000,2025-06-30
Silver Lake Partners VII,2024,CalPERS,370.00,,1.1695,2025-03-31
Silver Lake Partners VII,2024,WSIB,500.00,0.2200,1.2000,2025-06-30
Siris Partners IV,2019,CalPERS,100.00,0.0830,1.3132,2025-03-31
Siris Partners IV,2019,CalSTRS,100.00,0.0800,1.3092,2025-06-30
Siris Partners IV,2019,NY Common,200.00,,1.3832,2024-03-31
Siris Partners IV,2019,NY Common,200.00,,1.3417,2025-03-31
Sixth Cinven Fund,2016,NY Common,242.84,,1.8800,2024-03-31
Sixth Cinven Fund,2016,NY Common,243.44,,1.9666,2025-03-31
Sixth Cinven Fund,2016,Oregon,141.90,0.1720,2.0000,2025-09-30
Sixth Street Growth Partnrs II,2022,CalSTRS,150.00,0.1050,1.2030,2025-06-30
Sixth Street Growth Partnrs II,2022,WSIB,200.00,0.1114,1.2000,2025-06-30
Sixth Street Opportunities Partners II,2012,CalSTRS,35.44,0.1884,1.9158,2025-06-30
Sixth Street Opportunities Partners II,2012,WSIB,200.00,0.1644,1.7000,2025-06-30
Sixth Street Opportunities Partners III (A),2014,CalSTRS,150.00,0.0886,1.5683,2025-06-30
Sixth Street Opportunities Partners III (A),2014,WSIB,165.76,0.0885,1.6000,2025-06-30
Sixth Street Opportunities Partners IV (A),2019,CalSTRS,150.00,0.1093,1.4863,2025-06-30
Sixth Street Opportunities Partners IV (A),2019,WSIB,200.00,0.1101,1.5000,2025-06-30
Sixth Street Opps Partners V,2022,CalSTRS,150.00,0.0902,1.1697,2025-06-30
Sixth Street Opps Partners V,2022,WSIB,225.00,0.0888,1.2000,2025-06-30
Sofinnova Venture Partners VIII,2011,CalSTRS,30.00,0.2189,1.7309,2025-06-30
Sofinnova Venture Partners VIII,2011,Oregon,50.00,0.2190,1.6600,2025-09-30
Summit Partners Growth Equity Fund X-A,2020,CalPERS,250.00,0.1360,1.4840,2025-03-31
Summit Partners Growth Equity Fund X-A,2020,CalSTRS,300.00,0.1279,1.4805,2025-06-30
TA XI,2010,CalSTRS,80.00,0.2659,3.7901,2025-06-30
TA XI,2010,NY Common,100.00,,3.4883,2024-03-31
TA XI,2010,NY Common,100.00,,3.4860,2025-03-31
TA XI,2010,WSIB,150.00,0.2669,3.6000,2025-06-30
TA XII,2016,CalSTRS,180.00,0.3452,3.3208,2025-06-30
TA XII,2016,NY Common,200.00,,2.9752,2024-03-31
TA XII,2016,NY Common,200.00,,3.0854,2025-03-31
TA XII,2016,WSIB,250.00,0.3452,2.9000,2025-06-30
TA XIII-A,2019,CalSTRS,280.00,0.2236,1.8978,2025-06-30
TA XIII-A,2019,NY Common,280.00,,1.7075,2024-03-31
TA XIII-A,2019,NY Common,280.00,,1.8566,2025-03-31
TA XIII-A,2019,WSIB,355.00,0.2236,1.9000,2025-06-30
TA XIV-A,2021,CalPERS,150.00,0.0601,1.1327,2025-03-31
TA XIV-A,2021,NY Common,410.00,,0.9822,2024-03-31
TA XIV-A,2021,NY Common,410.00,,1.1327,2025-03-31
TA XIV-A,2021,Oregon,100.00,0.0750,1.2100,2025-09-30
TA XIV-A,2021,WSIB,525.00,0.0786,1.2000,2025-06-30
TA XV,2025,NY Common,450.00,,,2024-03-31
TA XV,2025,NY Common,450.00,,0.8884,2025-03-31
TA XV,2025,Oregon,200.00,,0.9100,2025-09-30
TA XV,2025,WSIB,750.00,-0.1311,0.9000,2025-06-30
TCV X,2019,CalPERS,156.59,0.2040,2.3830,2025-03-31
TCV X,2019,CalSTRS,88.00,0.2285,2.7520,2025-06-30
TCV X,2019,WSIB,200.00,0.2284,2.7000,2025-06-30
TCV XI,2021,CalPERS,261.23,0.0041,1.0093,2025-03-31
TCV XI,2021,CalSTRS,200.00,0.0663,1.1932,2025-06-30
TCV XI,2021,WSIB,250.00,0.0663,1.2000,2025-06-30
TPG Asia V,2007,CalPERS,360.00,0.0630,1.4325,2025-03-31
TPG Asia V,2007,CalSTRS,180.00,0.0627,1.4962,2025-06-30
TPG Asia V,2007,NY Common,45.00,,1.4305,2024-03-31
TPG Asia V,2007,NY Common,45.00,,1.4280,2025-03-31
TPG Asia VIII (A),2024,CalPERS,250.00,,1.1324,2025-03-31
TPG Asia VIII (A),2024,CalSTRS,100.00,0.1751,1.1641,2025-06-30
TPG Growth II,2011,CalSTRS,125.00,0.1573,2.3300,2025-06-30
TPG Growth II,2011,NY Common,200.00,,2.1978,2024-03-31
TPG Growth II,2011,NY Common,200.00,,2.1960,2025-03-31
TPG Growth II,2011,Oregon,75.00,0.1480,1.8000,2025-09-30
TPG Growth II,2011,WSIB,200.00,0.1482,1.8000,2025-06-30
TPG Growth III,2015,Oregon,200.00,0.1520,1.6100,2025-09-30
TPG Growth III,2015,WSIB,300.00,0.1520,1.6000,2025-06-30
TPG Growth III (A),2016,CalSTRS,200.00,0.1521,1.6608,2025-06-30
TPG Growth III (A),2016,NY Common,300.00,,1.6715,2024-03-31
TPG Growth III (A),2016,NY Common,300.00,,1.6461,2025-03-31
TPG Growth IV,2018,CalPERS,75.00,0.1470,1.6778,2025-03-31
TPG Growth IV,2018,CalSTRS,200.00,0.1434,1.6809,2025-06-30
TPG Growth IV,2018,NY Common,350.00,,1.5488,2024-03-31
TPG Growth IV,2018,NY Common,350.00,,1.6802,2025-03-31
TPG Growth IV,2018,Oregon,200.00,0.1410,1.6800,2025-09-30
TPG Growth IV,2018,WSIB,350.00,0.1434,1.7000,2025-06-30
TPG Growth V,2021,CalPERS,200.00,0.1501,1.4441,2025-03-31
TPG Growth V,2021,CalSTRS,100.00,0.1450,1.4179,2025-06-30
TPG Growth V,2021,Oregon,250.00,0.1280,1.3100,2025-09-30
TPG Growth V,2021,WSIB,400.00,0.1436,1.5000,2025-06-30
TPG Growth VI,2024,CalPERS,200.00,,1.1876,2025-03-31
TPG Growth VI,2024,WSIB,400.00,0.1456,1.1000,2025-06-30
TPG Healthcare Partners,2019,CalPERS,100.00,0.1320,1.3747,2025-03-31
TPG Healthcare Partners,2019,Oregon,100.00,0.1090,1.3500,2025-09-30
TPG Healthcare Partners II,2023,Oregon,70.00,,1.3800,2025-09-30
TPG Healthcare Partners II,2023,WSIB,120.00,0.2662,1.3000,2025-06-30
TPG PARTNERS IX,2023,CalPERS,300.00,,1.1943,2025-03-31
TPG PARTNERS IX,2023,CalSTRS,200.00,0.2267,1.2037,2025-06-30
TPG PARTNERS IX,2023,Oregon,280.00,,1.2600,2025-09-30
TPG PARTNERS IX,2023,WSIB,480.00,0.2092,1.2000,2025-06-30
TPG Partners III,2000,Oregon,300.00,0.2440,2.4400,2025-09-30
TPG Partners III,2000,WSIB,82.00,0.2450,2.4000,2025-06-30
TPG Partners IV,2003,CalPERS,200.00,0.1530,1.9007,2025-03-31
TPG Partners IV,2003,CalSTRS,350.00,0.1515,2.0965,2025-06-30
TPG Partners IV,2003,NY Common,75.00,,1.9124,2024-03-31
TPG Partners IV,2003,NY Common,75.00,,1.9126,2025-03-31
TPG Partners IV,2003,Oregon,300.00,0.1520,1.9100,2025-09-30
TPG Partners IV,2003,WSIB,175.00,0.1524,1.9000,2025-06-30
TPG Partners V,2006,CalPERS,600.00,0.0370,1.2415,2025-03-31
TPG Partners V,2006,CalSTRS,1000.00,0.0480,1.4357,2025-06-30
TPG Partners V,2006,NY Common,275.00,,1.3474,2024-03-31
TPG Partners V,2006,Oregon,296.10,0.0480,1.3700,2025-09-30
TPG Partners V,2006,WSIB,750.00,0.0481,1.3000,2025-06-30
TPG Partners VI,2008,CalSTRS,450.00,0.0938,1.5563,2025-06-30
TPG Partners VI,2008,NY Common,270.00,,1.4673,2024-03-31
TPG Partners VI,2008,NY Common,270.00,,1.4659,2025-03-31
TPG Partners VI,2008,Oregon,750.00,0.0970,1.4900,2025-09-30
TPG Partners VI,2008,WSIB,750.00,0.0967,1.5000,2025-06-30
TPG Partners VII,2015,NY Common,250.00,,1.8770,2024-03-31
TPG Partners VII,2015,NY Common,250.00,,1.9411,2025-03-31
TPG Partners VII,2015,Oregon,700.00,0.2010,2.0200,2025-09-30
TPG Partners VII,2015,WSIB,600.00,0.2026,2.0000,2025-06-30
TPG Partners VIII,2019,CalPERS,150.00,0.2030,1.3586,2025-03-31
TPG Partners VIII,2019,CalSTRS,200.00,0.1723,1.5606,2025-06-30
TPG Partners VIII,2019,Oregon,400.00,0.1580,1.5300,2025-09-30
TPG Partners VIII,2019,WSIB,750.00,0.1714,1.6000,2025-06-30
TPG STAR,2007,CalPERS,150.00,0.0620,1.2791,2025-03-31
TPG STAR,2007,Oregon,100.00,0.0620,1.2800,2025-09-30
TPG STAR,2007,WSIB,100.00,0.0620,1.2000,2025-06-30
TSG Capital Fund II,1995,Oregon,40.00,-0.0850,0.6600,2025-09-30
TSG Capital Fund II,1995,WSIB,30.00,-0.0854,0.7000,2025-06-30
TSG Capital Fund III,1998,Oregon,75.00,-0.1350,0.5700,2025-09-30
TSG Capital Fund III,1998,WSIB,75.00,-0.1352,0.6000,2025-06-30
Tailwind Capital Partners II,2014,CalPERS,150.00,0.0960,1.4712,2025-03-31
Tailwind Capital Partners II,2014,Oregon,75.00,0.0950,1.4800,2025-09-30
Tailwind Capital Partners III,2018,CalPERS,200.00,0.1750,1.6135,2025-03-31
Tailwind Capital Partners III,2018,Oregon,200.00,0.0040,1.0100,2025-09-30
Tailwind Capital Partners III,2018,WSIB,200.00,0.1786,1.7000,2025-06-30
The Eighth Cinven Fund,2024,NY Common,280.62,,,2024-03-31
The Eighth Cinven Fund,2024,NY Common,281.31,,0.9000,2025-03-31
The Eighth Cinven Fund,2024,WSIB,349.11,0.2432,1.2000,2025-06-30
The Rise Fund III,2023,CalPERS,100.00,,1.2167,2025-03-31
The Rise Fund III,2023,WSIB,250.00,0.2549,1.3000,2025-06-30
The Veritas Capital Fund IX,2024,CalPERS,400.00,,0.0003,2025-03-31
The Veritas Capital Fund IX,2024,NY Common,300.00,,,2025-03-31
The Veritas Capital Fund IX,2024,Oregon,250.00,,0.1200,2025-09-30
The Veritas Capital Fund VIII,2022,CalPERS,625.00,0.1361,1.2317,2025-03-31
The Veritas Capital Fund VIII,2022,Oregon,250.00,0.1080,1.2300,2025-09-30
Thoma Bravo Discover Fund III,2021,CalSTRS,100.00,0.1138,1.4667,2025-06-30
Thoma Bravo Discover Fund III,2021,WSIB,100.00,0.1138,1.5000,2025-06-30
Thoma Bravo Discover Fund V,2025,CalSTRS,150.00,0.0000,,2025-06-30
Thoma Bravo Discover Fund V,2025,WSIB,200.00,,,2025-06-30
Thoma Bravo Discover IV,2022,CalSTRS,100.00,0.2132,1.3441,2025-06-30
Thoma Bravo Discover IV,2022,NY Common,100.00,,1.1569,2024-03-31
Thoma Bravo Discover IV,2022,NY Common,100.00,,1.3069,2025-03-31
Thoma Bravo Discover IV,2022,WSIB,200.00,0.2132,1.3000,2025-06-30
Thoma Bravo Fund XII,2016,CalSTRS,250.00,0.1507,2.1755,2025-06-30
Thoma Bravo Fund XII,2016,NY Common,400.00,,2.1847,2024-03-31
Thoma Bravo Fund XII,2016,NY Common,400.00,,2.1908,2025-03-31
Thoma Bravo Fund XIV,2021,CalPERS,600.00,0.0741,1.2527,2025-03-31
Thoma Bravo Fund XIV,2021,CalSTRS,300.00,0.0683,1.2464,2025-06-30
Thoma Bravo Fund XIV,2021,NY Common,400.00,,1.1800,2024-03-31
Thoma Bravo Fund XIV,2021,NY Common,400.00,,1.2523,2025-03-31
Thoma Bravo Fund XIV,2021,Oregon,250.00,0.0380,1.1200,2025-09-30
Thoma Bravo Fund XIV,2021,WSIB,200.00,0.0683,1.2000,2025-06-30
Thoma Bravo Fund XV,2022,CalPERS,348.29,0.1251,1.2777,2025-03-31
Thoma Bravo Fund XV,2022,CalSTRS,300.00,0.1502,1.3750,2025-06-30
Thoma Bravo Fund XV,2022,NY Common,400.00,,1.1699,2024-03-31
Thoma Bravo Fund XV,2022,NY Common,400.00,,1.3614,2025-03-31
Thoma Bravo Fund XV,2022,Oregon,250.00,0.1400,1.3900,2025-09-30
Thoma Bravo Fund XV,2022,WSIB,200.00,0.1502,1.4000,2025-06-30
Thoma Bravo Fund XVI,2025,CalSTRS,250.00,0.0000,,2025-06-30
Thoma Bravo Fund XVI,2025,Oregon,250.00,,,2025-09-30
Thoma Bravo Fund XVI,2025,WSIB,400.00,,,2025-06-30
Towerbrook Investors V,2020,NY Common,200.00,,1.3069,2024-03-31
Towerbrook Investors V,2020,NY Common,200.00,,1.5023,2025-03-31
Towerbrook Investors V,2020,WSIB,450.00,0.1623,1.6000,2025-06-30
Towerbrook Investors VI (Onshore),2024,CalPERS,100.00,,1.1090,2025-03-31
Towerbrook Investors VI (Onshore),2024,NY Common,150.00,,1.0000,2024-03-31
Towerbrook Investors VI (Onshore),2024,NY Common,150.00,,0.4819,2025-03-31
Trident IX,2022,CalPERS,500.00,0.1691,1.2733,2025-03-31
Trident IX,2022,CalSTRS,300.00,0.1827,1.2994,2025-06-30
Trident IX,2022,WSIB,300.00,0.1721,1.3000,2025-06-30
Trident VII,2017,CalPERS,270.00,0.1880,2.2174,2025-03-31
Trident VII,2017,CalSTRS,150.00,0.1860,2.2493,2025-06-30
Trident VII,2017,WSIB,250.00,0.1860,2.2000,2025-06-30
Trident VIII,2020,CalPERS,400.00,0.1340,1.5757,2025-03-31
Trident VIII,2020,CalSTRS,250.00,0.1270,1.5740,2025-06-30
Trident VIII,2020,WSIB,300.00,0.1267,1.6000,2025-06-30
Trident X,2025,CalSTRS,300.00,0.0000,,2025-06-30
Trident X,2025,WSIB,200.00,,,2025-06-30
Triton Fund IV,2013,CalPERS,92.22,0.1200,1.6987,2025-03-31
Triton Fund IV,2013,CalSTRS,58.69,0.1222,1.9687,2025-06-30
Triton Fund IV,2013,WSIB,261.58,0.0719,1.4000,2025-06-30
Triton Fund V,2019,CalPERS,281.66,0.1590,1.5546,2025-03-31
Triton Fund V,2019,CalSTRS,117.38,0.1842,1.6861,2025-06-30
Triton Fund V,2019,WSIB,289.41,0.0969,1.3000,2025-06-30
VIP IV,2020,CalPERS,302.83,0.0920,1.2564,2025-03-31
VIP IV,2020,CalSTRS,234.77,0.1144,1.3634,2025-06-30
Valor Equity Partners IV,2017,CalPERS,75.00,0.2060,3.1144,2025-03-31
Valor Equity Partners IV,2017,CalSTRS,40.00,0.2019,3.1658,2025-06-30
Valor Equity Partners VI,2023,CalPERS,300.00,,1.4363,2025-03-31
Valor Equity Partners VI,2023,CalSTRS,40.00,0.3402,1.4920,2025-06-30
Vestar Capital Partners III,1997,Oregon,25.00,0.0260,1.1400,2025-09-30
Vestar Capital Partners III,1997,WSIB,20.00,0.0259,1.1000,2025-06-30
Vestar Capital Partners IV,1999,Oregon,100.00,0.1340,1.7600,2025-09-30
Vestar Capital Partners IV,1999,WSIB,55.00,0.1344,1.8000,2025-06-30
Vestar Capital Partners V,2005,CalSTRS,150.00,0.0388,1.3240,2025-06-30
Vestar Capital Partners V,2005,Oregon,100.00,0.0390,1.3100,2025-09-30
Vestar Capital Partners V,2005,WSIB,100.00,0.0388,1.3000,2025-06-30
Vestar Capital Partners VI,2012,Oregon,75.00,0.3010,1.8100,2025-09-30
Vestar Capital Partners VI,2012,WSIB,158.64,0.2335,2.0000,2025-06-30
Vista Equity Partners Fund III,2007,NY Common,100.00,,2.1905,2024-03-31
Vista Equity Partners Fund III,2007,NY Common,100.00,,2.1938,2025-03-31
Vista Equity Partners Fund III,2007,Oregon,100.00,0.2940,2.4400,2025-09-30
Vista Equity Partners Fund IV,2011,NY Common,300.00,,1.9594,2024-03-31
Vista Equity Partners Fund IV,2011,NY Common,300.00,,1.9528,2025-03-31
Vista Equity Partners Fund IV,2011,Oregon,100.00,0.1310,1.9900,2025-09-30
Vista Equity Partners Fund V,2014,NY Common,400.00,,2.3484,2024-03-31
Vista Equity Partners Fund V,2014,NY Common,400.00,,2.1512,2025-03-31
Vista Equity Partners Fund V,2014,Oregon,200.00,0.1600,2.1000,2025-09-30
Vista Equity Partners Fund VI,2016,NY Common,500.00,,2.0889,2024-03-31
Vista Equity Partners Fund VI,2016,NY Common,500.00,,2.0541,2025-03-31
Vista Equity Partners Fund VI,2016,Oregon,500.00,0.1550,1.9800,2025-09-30
Vista Equity Partners Fund VII,2018,NY Common,750.00,,1.2248,2024-03-31
Vista Equity Partners Fund VII,2018,NY Common,750.00,,1.2249,2025-03-31
Vista Equity Partners Fund VII,2018,Oregon,500.00,0.0490,1.2300,2025-09-30
Vista Equity Partners Fund VIII,2022,NY Common,400.00,,1.1508,2024-03-31
Vista Equity Partners Fund VIII,2022,NY Common,400.00,,1.1844,2025-03-31
Vista Equity Partners Fund VIII,2022,Oregon,250.00,,1.2800,2025-09-30
Vista Foundation Fund II,2013,NY Common,75.00,,1.9844,2024-03-31
Vista Foundation Fund II,2013,NY Common,75.00,,1.8615,2025-03-31
Vista Foundation Fund II,2013,Oregon,75.00,0.1330,1.8700,2025-09-30
Vista Foundation Fund III,2016,NY Common,400.00,,1.9707,2024-03-31
Vista Foundation Fund III,2016,NY Common,400.00,,1.9202,2025-03-31
Vista Foundation Fund III,2016,Oregon,200.00,0.1830,1.8800,2025-09-30
Vista Foundation Fund IV,2020,CalSTRS,100.00,0.0230,1.0739,2025-06-30
Vista Foundation Fund IV,2020,NY Common,200.00,,1.0132,2024-03-31
Vista Foundation Fund IV,2020,NY Common,200.00,,1.0626,2025-03-31
Vistria Fund V,2024,CalSTRS,50.00,-0.1103,0.9108,2025-06-30
Vistria Fund V,2024,NY Common,125.00,,0.8996,2024-03-31
Vistria Fund V,2024,NY Common,125.00,,0.9471,2025-03-31
WCAS XIII,2019,CalPERS,400.00,0.1600,1.6570,2025-03-31
WCAS XIII,2019,CalSTRS,250.00,0.1873,1.6053,2025-06-30
WCAS XIV,2022,CalPERS,400.00,0.0071,1.0097,2025-03-31
WCAS XIV,2022,CalSTRS,200.00,0.0230,1.0366,2025-06-30
Warburg Pincus China-Southeast Asia II,2019,NY Common,185.00,,1.0909,2024-03-31
Warburg Pincus China-Southeast Asia II,2019,NY Common,185.00,,1.0603,2025-03-31
Warburg Pincus China-Southeast Asia II,2019,WSIB,300.00,0.0332,1.1000,2025-06-30
Warburg Pincus Energy,2014,NY Common,200.00,,1.1688,2024-03-31
Warburg Pincus Energy,2014,NY Common,200.00,,1.2682,2025-03-31
Warburg Pincus Energy,2014,WSIB,200.00,0.0482,1.3000,2025-06-30
Warburg Pincus Equity Partners,1998,NY Common,250.00,,1.6588,2024-03-31
Warburg Pincus Equity Partners,1998,WSIB,400.00,0.1030,1.7000,2025-06-30
Warburg Pincus Financial Sector,2018,NY Common,100.00,,1.8056,2024-03-31
Warburg Pincus Financial Sector,2018,NY Common,100.00,,1.8937,2025-03-31
Warburg Pincus Financial Sector,2018,WSIB,200.00,0.1779,2.1000,2025-06-30
Warburg Pincus Financial Sector II,2021,NY Common,150.00,,1.3908,2024-03-31
Warburg Pincus Financial Sector II,2021,NY Common,150.00,,1.5544,2025-03-31
Warburg Pincus Financial Sector II,2021,WSIB,200.00,0.2273,1.6000,2025-06-30
Warburg Pincus Private Equity IX,2005,NY Common,300.00,,1.7250,2024-03-31
Warburg Pincus Private Equity IX,2005,NY Common,300.00,,1.7250,2025-03-31
Warburg Pincus Private Equity IX,2005,Oregon,200.00,0.0960,1.7200,2025-09-30
Warburg Pincus Private Equity IX,2005,WSIB,700.00,0.0961,1.7000,2025-06-30
Warburg Pincus Private Equity X,2007,NY Common,350.00,,1.7623,2024-03-31
Warburg Pincus Private Equity X,2007,NY Common,350.00,,1.7661,2025-03-31
Warburg Pincus Private Equity X,2007,Oregon,400.00,0.0900,1.7100,2025-09-30
Warburg Pincus Private Equity X,2007,WSIB,750.00,0.0944,1.8000,2025-06-30
Warburg Pincus Private Equity XI,2012,NY Common,100.00,,1.6619,2024-03-31
Warburg Pincus Private Equity XI,2012,NY Common,100.00,,1.6481,2025-03-31
Warburg Pincus Private Equity XI,2012,WSIB,750.00,0.1165,1.7000,2025-06-30
Warburg Pincus Private Equity XII,2015,NY Common,245.00,,1.9571,2024-03-31
Warburg Pincus Private Equity XII,2015,NY Common,245.00,,1.9938,2025-03-31
Warburg Pincus Private Equity XII,2015,WSIB,700.00,0.1597,2.1000,2025-06-30
"Welsh, Carson, Anderson & Stowe XI",2009,CalPERS,125.00,0.1150,1.6631,2025-03-31
"Welsh, Carson, Anderson & Stowe XI",2009,CalSTRS,250.00,0.1145,1.6585,2025-06-30
"Welsh, Carson, Anderson & Stowe XII",2015,CalPERS,350.00,0.2550,2.5327,2025-03-31
"Welsh, Carson, Anderson & Stowe XII",2015,CalSTRS,150.00,0.2407,2.4504,2025-06-30
Yucaipa Corporate Initiatives Fund I,2001,CalPERS,200.00,-0.0370,0.7813,2025-03-31
Yucaipa Corporate Initiatives Fund I,2001,NY Common,200.00,,0.7523,2024-03-31
Yucaipa Corporate Initiatives Fund I,2001,NY Common,200.00,,0.7529,2025-03-31
Yucaipa Corporate Initiatives Fund II,2008,CalPERS,93.54,-0.0130,0.9057,2025-03-31
Yucaipa Corporate Initiatives Fund II,2008,CalSTRS,50.00,-0.0132,0.9042,2025-06-30
